Location,# of Children's Programs (calculated),"7.14a # of Children's Programs - Live, In-person","7.14b # of Children's Programs - Live, Virtual",7.27 # of Young Adult Programs (calculated),"7.27a # of Young Adult Programs - Live, In-person","7.27b # of Young Adult Programs - Live, Virtual",7.29 # of Adult Programs (calculated),"7.29a # of Adult Programs - Live, In-person","7.29b # of Adult Programs - Live, Virtual","7.33 Of the above programs, how many were offsite?",Total # of Programs,7.35 # recordings of program content,7.36 # views of recorded program content,7.37 # on-demand views of recorded live programs
LA COUNTY LIBRARY,"10,397",,,"2,152",,,"4,399",,,"1,469","16,948",49,"15,819",0
SAN DIEGO PUBLIC LIBRARY,"8,766",,,0,,,"4,849",,,,"13,615",,,
SAN JOSE PUBLIC LIBRARY,"8,481","8,173",308,"1,015",940,75,"4,901","4,633",268,472,"14,397",221,"140,567","10,681"
KERN COUNTY LIBRARY,"8,476","8,350",126,517,499,18,"1,581","1,516",65,165,"10,574",403,"24,355","9,562"
SAN DIEGO COUNTY LIBRARY,"8,034","8,034",0,"1,658","1,658",0,"8,224","8,224",0,120,"17,916",123,"4,305",0
ORANGE COUNTY PUBLIC LIBRARIES,"7,866","7,866",0,"1,199","1,194",5,"2,836","2,733",103,371,"11,901",,"79,073",
SAN FRANCISCO PUBLIC LIBRARY,"6,059","6,058",1,"1,625","1,625",0,"4,325","4,258",67,620,"12,009",125,"60,596","60,596"
REDWOOD CITY PUBLIC LIBRARY,"6,038","4,747","1,291","1,255",651,604,"5,065","4,720",345,"2,102","12,358",113,"10,553",586
LOS ANGELES PUBLIC LIBRARY,"4,791","3,959",832,"2,685","2,228",457,"9,923","9,216",707,,"17,399","1,008","176,937",
SAN MATEO COUNTY LIBRARIES,"4,729","4,726",3,975,970,5,"2,398","2,360",38,857,"8,102",303,"17,685",
SAN BERNARDINO COUNTY LIBRARY,"4,296","4,278",18,294,294,0,"1,199","1,199",0,0,"5,789",11,"2,452",0
SACRAMENTO PUBLIC LIBRARY,"4,260","4,181",79,"1,831","1,808",23,"1,975","1,906",69,"1,276","8,066",124,"7,442","8,947"
RIVERSIDE COUNTY LIBRARY SYSTEM,"4,125",0,0,767,0,0,"3,215",0,0,680,"8,107",5,161,
CONTRA COSTA COUNTY LIBRARY,"3,704","3,485",219,"1,037","1,016",21,"2,560","2,455",105,375,"7,301",86,"15,660",386
SONOMA COUNTY LIBRARY,"2,862","2,862",0,893,893,0,"2,429","2,390",39,"1,061","6,184",190,"6,621",219
SANTA CLARA COUNTY LIBRARY,"2,824","2,642",182,541,523,18,"1,832","1,578",254,463,"5,197",,,
FRESNO COUNTY PUBLIC LIBRARY,"2,785",,,880,,,"1,933",,,418,"5,598",49,"3,581",0
ANAHEIM PUBLIC LIBRARY,"2,647","2,545",102,326,319,7,285,269,16,,"3,258",125,"239,127","234,656"
PASADENA PUBLIC LIBRARY,"2,370","1,224","1,146",132,102,30,665,616,49,54,"3,167",,,
OAKLAND PUBLIC LIBRARY,"2,166","2,124",42,"1,362","1,337",25,"1,021",996,25,417,"4,549",127,"11,144","6,334"
STOCKTON-SAN JOAQUIN COUNTY PUBLIC LIBRARY,"2,062",,,320,,,728,,,303,"3,110",50,820,463
LONG BEACH PUBLIC LIBRARY,"1,885","1,881",4,256,239,17,781,775,6,154,"2,922",90,"4,863",138
VENTURA COUNTY LIBRARY,"1,853","1,708",145,156,146,10,497,467,30,799,"2,506",3,160,77
TULARE COUNTY FREE LIBRARY,"1,830","1,817",13,161,161,0,709,699,10,421,"2,700",70,"1,416",533
STANISLAUS COUNTY FREE LIBRARY,"1,781","1,781",0,198,198,0,297,297,0,177,"2,276",131,"18,983",0
SOLANO COUNTY LIBRARY,"1,731","1,699",32,289,264,25,766,724,42,0,"2,786",99,"37,644",
"GLENDALE LIBRARY, ARTS & CULTURE","1,553",,,117,,,506,,,246,"2,176",50,"5,786",0
YOLO COUNTY LIBRARY,"1,452","1,410",42,362,361,1,665,611,54,64,"2,479",12,499,580
MERCED COUNTY LIBRARY,"1,384","1,301",83,389,370,19,299,297,2,46,"2,072",104,"14,833",
SANTA BARBARA PUBLIC LIBRARY,"1,369","1,278",91,166,133,33,690,622,68,369,"2,225",61,"37,915","12,056"
SANTA CRUZ PUBLIC LIBRARIES,"1,335",,,129,,,"1,093",,,0,"2,557",162,"7,053",
HUNTINGTON BEACH PUBLIC LIBRARY,"1,260","1,211",49,68,48,20,16,10,6,0,"1,344",264,"361,254",
RIVERSIDE PUBLIC LIBRARY,"1,214",,,154,,,360,,,24,"1,728",23,191,14
SAN LUIS OBISPO CITY-COUNTY LIBRARY,"1,195","1,195",0,129,129,0,682,682,0,61,"2,006",56,"4,247",
BERKELEY PUBLIC LIBRARY,"1,159","1,157",2,280,280,0,559,559,0,359,"1,998",0,0,0
MONTEREY COUNTY FREE LIBRARIES,"1,000",985,15,128,125,3,306,297,9,47,"1,434",81,"5,125",
CARLSBAD CITY LIBRARY,961,950,11,138,134,4,620,592,28,156,"1,719",,,
SAN MATEO PUBLIC LIBRARY,922,781,141,65,56,9,201,173,28,59,"1,188",64,"12,372",
CHULA VISTA PUBLIC LIBRARY,903,711,192,38,16,22,565,553,12,17,"1,506",216,"15,380",0
SOUTH SAN FRANCISCO PUBLIC LIBRARY,894,878,16,10,10,0,617,584,33,119,"1,521",33,"2,796","2,774"
RANCHO CUCAMONGA PUBLIC LIBRARY,884,874,10,32,28,4,163,155,8,20,"1,079",24,"3,740","1,394"
EL DORADO COUNTY LIBRARY,876,844,32,177,158,19,301,300,1,9,"1,354",86,"9,328",401
SANTA CLARITA PUBLIC LIBRARY,870,798,72,215,206,9,447,427,20,81,"1,532",69,"3,394","12,163"
SANTA MONICA PUBLIC LIBRARY,832,,,80,,,440,,,64,"1,352",,,
MONO COUNTY FREE LIBRARY,824,741,83,6,6,0,152,148,4,,982,83,"11,681",
PLACER COUNTY LIBRARY,817,816,1,47,47,0,226,226,0,0,"1,090",9,"4,701",
OCEANSIDE PUBLIC LIBRARY,782,774,8,130,113,17,341,311,30,45,"1,253",140,"1,729",956
WHITTIER PUBLIC LIBRARY,746,744,2,8,7,1,63,61,2,434,817,94,"34,712",126
NAPA COUNTY LIBRARY,741,,,84,,,336,,,0,"1,161",,,
COLUSA COUNTY FREE LIBRARY,722,722,0,50,50,0,84,84,0,10,856,116,"21,654",0
MENDOCINO COUNTY LIBRARY,710,,,204,,,637,,,100,"1,551",,,
SALINAS PUBLIC LIBRARY,703,702,1,45,45,,136,117,19,152,884,29,"5,187",
GOLETA VALLEY LIBRARY,676,617,59,24,24,0,258,212,46,45,958,40,"9,274",
NEVADA COUNTY LIBRARY,672,653,19,163,163,0,678,649,29,25,"1,513",155,"16,503",
NEWPORT BEACH PUBLIC LIBRARY,647,647,0,17,17,0,478,390,88,4,"1,142",167,"11,780",0
SANTA CLARA CITY LIBRARY,645,594,51,131,117,14,603,528,75,35,"1,379",249,"63,909",
CORONA PUBLIC LIBRARY,616,616,0,283,283,0,248,248,0,95,"1,147",62,"9,237",
LIVERMORE PUBLIC LIBRARY,607,607,0,35,35,0,360,329,31,7,"1,002",51,"2,286",
SAN BENITO COUNTY FREE LIBRARY,595,540,55,31,24,7,74,70,4,196,700,26,"3,160",902
WOODLAND PUBLIC LIBRARY,567,442,125,206,196,10,63,63,0,52,836,125,,
THOUSAND OAKS LIBRARY,563,557,6,89,86,3,230,211,19,124,882,80,"1,956",816
HUMBOLDT COUNTY LIBRARY,531,500,31,29,26,3,301,286,15,109,861,17,188,0
GLENDORA LIBRARY & CULTURAL CENTER,530,473,57,45,17,28,114,60,54,43,689,53,,
FOLSOM PUBLIC LIBRARY,519,464,55,31,31,0,199,188,11,53,749,66,"27,140",
SANTA FE SPRINGS CITY LIBRARY,519,516,3,2,2,0,172,172,0,2,693,100,"8,119",
PALOS VERDES LIBRARY DISTRICT,518,518,0,68,67,1,245,229,16,46,831,23,"4,182",0
SAN RAFAEL PUBLIC LIBRARY,516,356,160,226,156,70,220,168,52,16,962,64,229,804
BUTTE COUNTY LIBRARY,476,476,0,111,111,0,204,201,3,1,791,66,"70,865",
INGLEWOOD PUBLIC LIBRARY,456,452,4,128,128,0,176,169,7,0,760,37,752,752
RICHMOND PUBLIC LIBRARY,452,428,24,16,16,0,132,122,10,5,600,23,647,647
ALAMEDA FREE LIBRARY,444,313,131,92,92,0,88,83,5,3,624,354,"9,589",
IMPERIAL COUNTY LIBRARY,444,364,80,13,13,0,12,12,0,3,469,0,0,0
YORBA LINDA PUBLIC LIBRARY,444,,,62,,,113,,,107,619,55,"19,231",
PALO ALTO CITY LIBRARY,437,433,4,211,197,14,317,304,13,45,965,47,"3,387",0
TORRANCE PUBLIC LIBRARY,432,432,0,18,18,0,148,148,0,20,598,0,0,0
MILL VALLEY PUBLIC LIBRARY,430,429,1,50,49,1,378,365,13,73,858,29,"9,318",295
MARIN COUNTY FREE LIBRARY,424,419,5,224,224,0,711,711,0,0,"1,359",56,"14,026",
SAN LEANDRO PUBLIC LIBRARY,415,356,59,78,78,0,67,51,16,0,560,,,
SANTA MARIA PUBLIC LIBRARY,410,410,0,46,46,0,100,98,2,41,556,14,499,0
CALAVERAS COUNTY LIBRARY,408,356,52,0,0,0,74,72,2,3,482,20,912,8
LOS GATOS LIBRARY,408,324,84,27,25,2,375,351,24,18,810,89,"1,076",248
SAN BERNARDINO PUBLIC LIBRARY,405,405,0,27,27,0,81,81,0,0,513,6,"1,747",
DALY CITY PUBLIC LIBRARY,397,391,6,52,49,3,30,27,3,413,479,12,"1,650",
BENICIA PUBLIC LIBRARY,396,381,15,85,77,8,231,227,4,122,712,36,540,244
SHASTA PUBLIC LIBRARIES,376,0,0,56,0,0,455,0,0,6,887,0,0,0
BUENA PARK LIBRARY DISTRICT,374,372,2,38,37,1,86,82,4,72,498,41,"3,371",0
BURLINGAME PUBLIC LIBRARY,373,326,47,64,41,23,354,320,34,22,791,45,"2,832",294
MORENO VALLEY PUBLIC LIBRARY,369,,,68,,,146,,,74,583,,,
TUOLUMNE COUNTY LIBRARY,363,,,0,,,171,,,47,534,0,0,0
SAN BRUNO PUBLIC LIBRARY,351,322,29,6,5,1,76,76,0,39,433,24,0,473
PASO ROBLES CITY LIBRARY,349,321,28,1,1,0,74,69,5,12,424,60,703,291
MONTEREY PARK BRUGGEMEYER LIBRARY,338,281,57,51,51,0,498,420,78,37,887,3,315,"5,078"
ST. HELENA PUBLIC LIBRARY,338,338,,2,2,,87,87,,126,427,10,643,0
PORTERVILLE PUBLIC LIBRARY,337,314,23,38,38,0,450,450,0,93,825,0,0,726
SUNNYVALE PUBLIC LIBRARY,328,309,19,66,64,2,209,201,8,93,603,40,"8,576",513
PLACENTIA LIBRARY DISTRICT,327,271,56,43,21,22,137,94,43,0,507,20,"12,741","2,636"
MOUNTAIN VIEW PUBLIC LIBRARY,325,302,23,125,118,7,266,238,28,102,716,18,"2,053",696
CAMARILLO PUBLIC LIBRARY,321,0,0,118,0,0,190,0,0,45,629,0,0,0
ALTADENA LIBRARY DISTRICT,320,,,99,,,144,,,45,563,115,"13,114",387
CERRITOS PUBLIC LIBRARY,320,320,0,44,44,0,50,50,0,0,414,14,"2,611",0
PLEASANTON PUBLIC LIBRARY,319,313,6,18,18,0,109,106,3,324,446,8,"4,592","1,800"
ONTARIO CITY LIBRARY,315,314,1,196,196,0,141,141,0,31,652,109,"68,219",
ORANGE PUBLIC LIBRARY,312,0,,54,,,88,,,56,454,20,"1,233",0
FULLERTON PUBLIC LIBRARY,310,310,0,62,58,4,121,111,10,36,493,166,"8,540",0
BEVERLY HILLS PUBLIC LIBRARY,309,308,1,4,4,0,37,25,12,81,350,19,"1,699",0
BELVEDERE-TIBURON LIBRARY,306,304,2,97,92,5,401,391,10,1,804,42,"4,029",
SIMI VALLEY PUBLIC LIBRARY,302,0,0,54,0,0,145,0,0,11,501,28,"3,860",475
MISSION VIEJO LIBRARY,300,256,44,25,25,0,49,43,6,19,374,,,
ESCONDIDO PUBLIC LIBRARY,293,0,0,58,0,0,142,0,0,39,493,108,"10,865",0
CORONADO PUBLIC LIBRARY,292,,,65,,,218,,,22,575,54,,
MADERA COUNTY LIBRARY,290,230,60,32,25,7,322,314,8,19,644,66,"7,043",
YUBA COUNTY LIBRARY,288,260,28,42,38,4,6,6,0,3,336,0,0,0
LOMPOC PUBLIC LIBRARY,285,,,28,,,58,,,11,371,17,185,0
ALHAMBRA CIVIC CENTER LIBRARY,283,274,9,18,18,0,169,160,9,19,470,27,671,0
HAYWARD PUBLIC LIBRARY,282,282,0,28,28,0,33,32,1,28,343,0,0,0
A. K. SMILEY PUBLIC LIBRARY,281,253,28,3,3,0,92,83,9,22,376,45,"4,241","11,278"
LAKE COUNTY LIBRARY,277,277,0,28,28,0,156,148,8,59,461,9,302,0
SUTTER COUNTY LIBRARY,277,270,7,311,191,120,962,962,0,452,"1,550",3,324,0
LODI PUBLIC LIBRARY,268,268,0,12,12,0,230,230,0,0,510,0,0,0
SIERRA MADRE PUBLIC LIBRARY,265,252,13,38,35,3,98,98,0,13,401,113,"11,577",0
PALMDALE CITY LIBRARY,262,0,0,17,0,0,97,0,0,23,376,88,"3,467",0
MENLO PARK PUBLIC LIBRARY,258,240,18,39,25,14,141,106,35,0,438,45,"1,032",0
OXNARD PUBLIC LIBRARY,256,249,7,106,95,11,23,19,4,7,385,31,"2,493",203
ROSEVILLE PUBLIC LIBRARY,249,247,2,1,1,0,123,123,0,3,373,19,"2,409",683
VICTORVILLE CITY LIBRARY,234,,,13,,,83,,,14,330,4,,
CALABASAS CITY LIBRARY,233,194,39,111,110,1,74,70,4,1,418,37,650,
SAN ANSELMO PUBLIC LIBRARY,225,185,40,21,21,0,77,63,14,5,323,113,"2,075","2,138"
TEHAMA COUNTY LIBRARY,221,,,27,,,100,,,11,348,110,"12,822",
LARKSPUR PUBLIC LIBRARY,209,206,3,7,7,,80,73,7,4,296,7,635,43
CITY OF COMMERCE PUBLIC LIBRARY,208,208,0,58,58,0,118,118,0,0,384,57,"31,697",0
BLANCHARD/SANTA PAULA PUBLIC LIBRARY DISTRICT,204,204,0,23,23,0,66,66,0,9,293,7,"5,891",0
REDONDO BEACH PUBLIC LIBRARY,201,199,2,24,24,0,90,90,0,0,315,2,481,0
RANCHO MIRAGE PUBLIC LIBRARY,197,197,0,6,6,0,453,444,9,0,656,58,"25,577","1,705"
DEL NORTE COUNTY LIBRARY DISTRICT,191,,,0,,,16,,,0,207,0,0,0
NATIONAL CITY PUBLIC LIBRARY,190,190,0,87,87,0,"1,003",929,74,14,"1,280",0,0,0
BEAUMONT LIBRARY DISTRICT,188,178,10,96,88,8,42,38,4,150,326,10,532,532
UPLAND PUBLIC LIBRARY,187,,,103,,,101,,,24,391,0,0,
AZUSA CITY LIBRARY,186,137,49,2,2,0,431,428,3,60,619,24,"3,281","2,485"
BANNING LIBRARY DISTRICT,185,,,126,,,126,,,14,437,17,206,17
LINCOLN PUBLIC LIBRARY,182,179,3,0,0,0,40,28,12,1,222,28,"1,014",0
ARCADIA PUBLIC LIBRARY,181,181,0,71,70,1,128,120,8,17,380,26,"1,016",0
SANTA ANA PUBLIC LIBRARY,178,176,2,436,415,21,31,31,0,18,645,22,901,0
PLUMAS COUNTY LIBRARY,176,167,9,1,1,0,204,204,0,181,381,7,77,27
SAUSALITO PUBLIC LIBRARY,176,,,10,,,101,,,0,287,15,,
MURRIETA PUBLIC LIBRARY,173,144,29,21,19,2,64,62,2,,258,33,,"22,305"
MOORPARK CITY LIBRARY,172,0,0,155,0,0,35,0,0,33,362,16,,
BURBANK PUBLIC LIBRARY,166,162,4,21,21,0,184,182,2,13,371,47,"9,592",851
IRWINDALE PUBLIC LIBRARY,164,164,0,1,1,0,17,17,0,17,182,4,112,0
ORLAND FREE LIBRARY,161,161,0,0,0,0,2,2,0,5,163,0,0,0
EL SEGUNDO PUBLIC LIBRARY,159,159,0,43,43,0,96,87,9,4,298,126,"27,224",69
CROWELL PUBLIC LIBRARY,158,145,13,18,18,0,152,132,20,4,328,29,,
COVINA PUBLIC LIBRARY,157,150,7,8,8,0,153,138,15,5,318,7,201,844
MONTEREY PUBLIC LIBRARY,155,152,3,87,86,1,98,75,23,49,340,49,"2,405",147
TULARE PUBLIC LIBRARY,155,154,1,5,5,0,120,117,3,21,280,19,291,153
LOOMIS LIBRARY & COMMUNITY LEARNING CENTER,148,92,56,14,14,0,88,82,6,0,250,28,637,"3,812"
KINGS COUNTY LIBRARY,147,147,,4,4,,20,20,,15,171,14,858,"9,560"
SOUTH PASADENA PUBLIC LIBRARY,144,143,1,20,14,6,50,50,0,9,214,5,378,378
MONROVIA PUBLIC LIBRARY,138,138,0,14,10,4,185,117,68,157,337,113,"15,803",
EL CENTRO PUBLIC LIBRARY,127,106,21,42,42,0,39,39,0,0,208,19,988,988
COALINGA-HURON LIBRARY DISTRICT,118,,,70,,,43,,,17,231,0,0,0
PACIFIC GROVE PUBLIC LIBRARY,113,112,1,0,0,0,90,90,0,81,203,70,"1,265",0
AMADOR COUNTY LIBRARY,112,112,0,6,6,0,30,30,0,1,148,,,
MARIPOSA COUNTY LIBRARY,111,,,50,,,74,,,15,235,0,0,0
COLTON PUBLIC LIBRARY,109,35,74,11,2,9,17,14,3,0,137,40,"1,117","42,578"
HARRISON MEMORIAL LIBRARY,104,,,1,,,21,,,15,126,5,93,
WILLOWS PUBLIC LIBRARY,93,93,0,0,0,0,14,14,0,2,107,0,0,0
PALM SPRINGS PUBLIC LIBRARY,92,,,38,,,68,,,53,198,24,967,0
CAMARENA MEMORIAL PUBLIC LIBRARY,81,59,22,11,9,2,54,38,16,0,146,,,
DOWNEY CITY LIBRARY,76,74,2,0,0,0,9,2,7,2,85,15,"4,431",
HEMET PUBLIC LIBRARY,74,14,60,1,1,0,707,7,700,0,782,60,"5,198",
WATSONVILLE PUBLIC LIBRARY,71,,,14,,,17,,,4,102,25,"2,066",0
IMPERIAL PUBLIC LIBRARY,70,,,2,,,1,,,0,73,,,
INYO COUNTY FREE LIBRARY,57,57,0,0,0,0,10,10,0,7,67,0,0,0
LASSEN LIBRARY DISTRICT,45,34,11,3,3,0,18,18,0,0,66,0,0,0
POMONA PUBLIC LIBRARY,39,,,30,,,1,,,0,70,7,"4,821",0
ALPINE COUNTY LIBRARY/ARCHIVES,38,,,26,,,61,,,11,125,65,818,"4,877"
SAN JUAN BAUTISTA CITY LIBRARY,35,35,0,2,0,2,75,74,1,0,112,15,84,
TRINITY COUNTY FREE LIBRARY,34,34,0,0,0,0,0,0,0,0,34,0,0,0
SIGNAL HILL PUBLIC LIBRARY,32,,,22,,,23,,,15,77,,,
PALO VERDE VALLEY LIBRARY DISTRICT,24,,,0,,,6,,,0,30,0,0,0
BRAWLEY PUBLIC LIBRARY,15,15,0,5,5,0,6,6,0,0,26,0,0,0
MODOC COUNTY LIBRARY,15,15,0,0,0,0,0,0,0,0,15,0,0,0
DIXON PUBLIC LIBRARY DISTRICT,-1,,,-1,,,,,,,-1,,,
SISKIYOU COUNTY FREE LIBRARY,-1,,,-1,,,,,,,-1,,,
ALAMEDA COUNTY LIBRARY,,"5,026",26,827,802,25,"3,352","3,334",18,313,"9,231",1,259,0
California State Library,,"147,698","7,478","35,684","27,356","1,971","110,437","83,873","4,483","20,651","342,908","10,306","2,136,125","487,455"
Median,338,356,23,54,48,9,153,158,14,43,611,45,"3,661",696
Total,"179,145","283,895","14,956","69,026","52,476","3,942","214,533","162,182","8,930","41,096","664,545","20,496","4,222,071","974,855"
Average,974,"1,971",140,399,392,58,"1,179","1,142",88,280,"3,573",140,"30,595","14,998"
Maximum,"10,397","147,698","7,478","35,684","27,356","1,971","110,437","83,873","4,483","20,651","342,908","10,306","2,136,125","487,455"
Minimum,-1,14,1,-1,1,1,1,2,1,1,-1,1,77,8
