Name,fscs_id,City,State,Locale code,service_area_population,central_libraries,branch_libraries,bookmobiles,interlibrary_relationship,legal_basis,administrative_structure,fscs_definition,geographic_code,mls_librarian_staff,librarian_staff,other_staff,total_staff,local_revenue,state_revenue,federal_revenue,other_revenue,total_revenue,salaries,benefits,total_staff_expenditures,print_expenditures,electronic_expenditures,other_collection_expenditures,total_collection_expenditures,other_expenditures,total_expenditures,local_capital_revenue,state_capital_revenue,federal_capital_revenue,other_capital_revenue,total_capital_revenue,capital_expenditures,print_materials,ebooks,audio_materials,audio_downloads,video_materials,video_downloads,local_databases,state_databases,total_databases,print_serials,hours,visits,references,users,total_circulation,kids_circulation,electronic_circulation,physical_item_circulation,electronic_info_retrievals,electronic_content_uses,total_circulation_retrievals,loans_to,loans_from,total_programs,kids_programs,ya_programs,program_audience,kids_program_audience,ya_program_audience,computers,computer_uses,wifi_sessions
ARCADIA PUBLIC LIBRARY,CA0008,ARCADIA,CA,City (13),58891,1,0,0,ME,CI,SO,Y,CI1,11.5,11.5,16,27.5,3676177,10000,13923,73481,3773581,1544000,1132277,2676277,184555,79912,21691,286158,713742,3676177,770000,0,0,0,770000,770000,177369,23100,7098,17845,6839,66,24,4,28,187,3033,507790,53734,22445,695207,452546,53570,641637,48350,101920,743557,536,37,556,282,124,24650,15282,4935,76,41695,58534
BURBANK PUBLIC LIBRARY,CA0015,BURBANK,CA,City (12),105952,1,2,0,ME,CI,MO,Y,CI1,24.64,24.64,39.95,64.59,6993901,27709,0,104065,7125675,3476302,1500321,4976623,265205,124710,63340,453255,1083155,6513033,0,0,70620,0,70620,0,348119,4843,26253,1868,44613,19,16,4,20,353,7650,720994,85301,111321,897728,312599,44926,852802,23654,68580,921382,366,66,617,362,58,29130,23479,963,90,179600,56726
GLENDALE PUBLIC LIBRARY,CA0042,GLENDALE,CA,City (12),206283,1,7,0,ME,CI,MO,Y,CI1,30.9,30.9,53.43,84.33,10663851,91640,19128,503836,11278455,5029458,2083694,7113152,497536,363523,73953,935012,2615687,10663851,1975985,0,0,0,1975985,431974,333125,370349,53380,82014,26780,15806,61,2,63,600,15475,993940,66412,145803,1181376,547042,150520,1030856,241102,391622,1422478,77733,40175,4979,2567,14,77225,59003,980,148,92829,4096404
SANTA MONICA PUBLIC LIBRARY,CA0130,SANTA MONICA,CA,City (13),93593,1,4,0,ME,CI,MO,Y,CI1,41.02,41.02,72.48,113.5,13026481,63000,0,454000,13543481,7592492,3080731,10673223,685650,358208,210409,1254267,1764511,13692001,350000,0,0,0,350000,210138,384766,332774,23799,316310,42765,14945,24,1,25,677,12825,1131524,122879,79971,1336212,382250,153400,1182812,108583,261983,1444795,2038,137,2230,1209,117,65200,41886,1962,160,159705,87875
